A,Z,HL,E,I
181,82,0.045,7065,100
183,82,0.415,6704,98
183,82,0.415,6868,2.5
183,82,0.535,6576,24
183,82,0.535,6777,66
185,82,6.3,6288,19
185,82,6.3,6486,15
185,82,6.3,6548,0.2
186,82,4.82,5988,0.03
186,82,4.82,6014,0.08
186,82,4.82,6331,40
187,82,15.2,5993,2.8
187,82,15.2,6194,4.2
187,82,18.3,6077,12.0
188,82,25.1,5614,0.093
188,82,25.1,5633,0.0088
188,82,25.1,5983,9.2
190,82,71,5060,5.6E-5
190,82,71,5181,3.4E-4
190,82,71,5581,0.40
191,82,79.8,5290,0.013
202,82,1.657E12,2545,1
210,82,7.00579E8,3720,1.9E-6
186,83,0.0098,7263,100
186,83,0.0098,7369,1.0
187,83,2.9E-4,7721,50
188,83,0.06,6889,0.33
188,83,0.06,6992,97.70
188,83,0.06,7106,2.05
188,83,0.265,6813,91.2
188,83,0.265,6995,1.4
188,83,0.265,7232,4.1
188,83,0.265,7302,3.3
189,83,0.005,7114,10
189,83,0.005,7294,73
189,83,0.674,6550,0.9
189,83,0.674,6670.9,71
189,83,0.674,6833,1.0
189,83,0.674,7115,4.5
190,83,6.2,6456,68
190,83,6.2,6734,1.01
190,83,6.2,6819,1.15
191,83,0.125,6871,68
192,83,34.6,6060,12
192,83,34.6,6245,0.36
192,83,39.6,6052,9
192,83,39.6,6081,0.65
192,83,39.6,6253,0.054
192,83,39.6,6348,0.23
193,83,3.2,6475,84
193,83,63.6,5899,2.1
193,83,63.6,6174,0.09
194,83,95,5645,0.46
194,83,95,5799,0.0027
194,83,115,5335,3.0E-4
194,83,115,5599,0.18
194,83,115,5660,0.0040
194,83,115,5781,0.0054
194,83,115,5892,0.007
195,83,87,5772,0.05
195,83,87,6106,33
195,83,183,5420,0.027
195,83,183,5713,0.0027
196,83,240,5112,3.8E-4
196,83,307.8,5153,0.0012
197,83,302.4,5776,6.E+1
199,83,1482,5484,0.0100
201,83,3546,5240,0.30
210,83,433036.8,4656,7.9E-5
210,83,433036.8,4694,5.3E-5
210,83,9.594E13,4100,0.002
210,83,9.594E13,4230,8E-4
210,83,9.594E13,4268,0.006
210,83,9.594E13,4420,0.21
210,83,9.594E13,4568,3.9
210,83,9.594E13,4582,1.4
210,83,9.594E13,4909,39.5
210,83,9.594E13,4946,55
211,83,128.4,5299.4,9.E-4
211,83,128.4,6278.2,16.19
211,83,128.4,6622.9,83.54
212,83,1500,5750,0.47
212,83,1500,6010,5.0
212,83,1500,6300,26.0
212,83,1500,6340,35.0
212,83,3633,5302,4.0E-5
212,83,3633,5345,3.6E-4
212,83,3633,5481,0.004672
212,83,3633,5607,0.4061
212,83,3633,5626,0.05643
212,83,3633,5768,0.6110
212,83,3633,6050.78,25.13
212,83,3633,6089.88,9.75
213,83,2735.4,5549,0.15
213,83,2735.4,5869,1.94
214,83,1194,4941,5.3E-5
214,83,1194,5023,4.4E-5
214,83,1194,5184,1.28E-4
214,83,1194,5273,0.00122
214,83,1194,5452,0.0113
214,83,1194,5516,0.0082
188,84,2.8E-4,7353,20
188,84,2.8E-4,7911,80
189,84,0.0035,7259,80
189,84,0.0035,7309,12
189,84,0.0035,7532,8
190,84,0.00245,6896,0.30
190,84,0.00245,7012,3.3
190,84,0.00245,7537,96.4
191,84,0.022,6966,7.9
191,84,0.022,7334,76
191,84,0.022,7336,14.9
191,84,0.093,6790,0.5
191,84,0.093,6815,9.6
191,84,0.093,6888,36
191,84,0.093,6909,3.7
191,84,0.093,7376,45.7
192,84,0.0332,6416,0.7
192,84,0.0332,6611,1.43
192,84,0.0332,7167,97.3
193,84,0.245,6375,0.8
193,84,0.245,7002,99
193,84,0.37,6420,0.7
193,84,0.37,6948,99
194,84,0.392,6194,0.22
194,84,0.392,6843,93
195,84,1.92,6050,0.18
195,84,1.92,6699,90
195,84,4.64,6606,75
196,84,5.6,5687,0.003
196,84,5.6,5769,0.0207
196,84,5.6,6521.9,94
197,84,53.6,6281,44
198,84,106.2,5270,7.6E-4
198,84,106.2,6182.0,57.0
199,84,250.2,6059,39
199,84,328.2,5952,12.0
200,84,690,5861.9,11.1
201,84,534,5786,2.9
201,84,918,5599,0.032
201,84,918,5683,1.6
202,84,2676,5588.1,1.92
203,84,2202,5383,0.110
203,84,2202,5388,0.00110
204,84,12708,5377.1,0.660
205,84,6264,5220,0.040
206,84,760320.0000000001,5223.7,5.45
207,84,20880,5115.4,0.0210
208,84,9.145E7,4220,2.4E-4
208,84,9.145E7,5114.9,99.9958
209,84,3.219E9,4110,5.6E-4
209,84,3.219E9,4310,1.5E-4
209,84,3.219E9,4622,0.551
209,84,3.219E9,4883,79
209,84,3.219E9,4885,19.7
210,84,1.196E7,4516.58,0.00104
210,84,1.196E7,5304.33,100
211,84,0.516,5848.2,8.1E-4
211,84,0.516,6568.3,0.537
211,84,0.516,6891.5,0.546
211,84,0.516,7450.3,98.916
212,84,1.71E-8,10180,42
212,84,2.99E-7,8784.86,100
212,84,45.1,8525,2.05
212,84,45.1,9102,1.00
212,84,45.1,11660,96.83
213,84,4.2E-6,7614,0.0048
213,84,4.2E-6,8375.9,100
214,84,1.643E-4,6609.8,6.0E-5
214,84,1.643E-4,6902.2,0.0104
214,84,1.643E-4,7686.82,99.9895
215,84,0.00178,6519,3.0E-4
215,84,0.00178,6589,0.0020
215,84,0.00178,6636,3.0E-4
215,84,0.00178,6671,8.E-4
215,84,0.00178,6754,8.E-4
215,84,0.00178,6802,0.0016
215,84,0.00178,6819,4.0E-4
215,84,0.00178,6950.1,0.0220
215,84,0.00178,6954,0.060
215,84,0.00178,7386.1,99.999770
216,84,0.145,5985,0.0019
216,84,0.145,6778.3,99.9981
217,84,1.46,6537,95
218,84,185.88,5181,**********
218,84,185.88,6002.35,99.9789
191,85,0.0017,7552,100
191,85,0.0021,7653,98
191,85,0.0021,7715,2.0
193,85,0.021,7325,98
193,85,0.021,7423,2.0
193,85,0.028,7235,100
195,85,0.147,7075,92.7
195,85,0.147,7221,4.4
195,85,0.328,6953,94
196,85,0.387,7049,94
197,85,0.388,6959,100
197,85,2,6705,100
198,85,4.1,6360,0.33
198,85,4.1,6753,97
199,85,7.03,6643,90
200,85,3.5,6536.9,10.5
200,85,43,6464.6,57
200,85,47,6306,0.073
200,85,47,6411.8,43
200,85,47,6575,0.36
201,85,83,6342,59
202,85,0.46,6227,0.096
202,85,182,6134.6,8.7
202,85,184,5929,0.015
202,85,184,6070,0.074
202,85,184,6227.7,37
203,85,444,6087,27
204,85,553.2,5950.3,3.91
205,85,1614,5902,10.0
206,85,1836,5702.6,0.86
206,85,1836,5734,0.010
206,85,1836,5767,0.021
206,85,1836,5774,0.008
207,85,6480,5758,8.6
208,85,5868,5586,0.0048
208,85,5868,5626,0.0118
208,85,5868,5640.3,0.53
209,85,19476,5647,4.1
210,85,29160,5175,3.7E-4
210,85,29160,5242,0.0016
210,85,29160,5361.1,0.049
210,85,29160,5386,0.0081
210,85,29160,5442.0,0.050
210,85,29160,5456,7.0E-4
210,85,29160,5465.5,0.0126
210,85,29160,5524.0,0.053
211,85,25970.4,4895.4,2.0E-5
211,85,25970.4,4997,4.2E-4
211,85,25970.4,5141,0.00104
211,85,25970.4,5210.0,0.0038
211,85,25970.4,5869.5,41.80
212,85,0.119,6812.9,0.36
212,85,0.119,6947.4,0.052
212,85,0.119,7022,0.130
212,85,0.119,7251.1,0.38
212,85,0.119,7272.1,0.36
212,85,0.119,7298.7,0.070
212,85,0.119,7388.0,0.350
212,85,0.119,7826.7,67.6
212,85,0.119,7888.0,30.7
212,85,0.314,6621.8,0.135
212,85,0.314,6758.1,0.070
212,85,0.314,6798,0.048
212,85,0.314,7049.1,0.400
212,85,0.314,7079.8,0.590
212,85,0.314,7168.2,0.150
212,85,0.314,7607.9,15.4
212,85,0.314,7669.3,83.2
213,85,1.25E-7,9080,100
214,85,5.58E-7,8270,0.32
214,85,5.58E-7,8480,0.58
214,85,5.58E-7,8507,0.15
214,85,5.58E-7,8819,98.95
214,85,7.6E-7,8390,0.18
214,85,7.6E-7,8620,0.3
214,85,7.6E-7,8782,99.18
215,85,1E-4,7610,0.050
215,85,1E-4,8026,99.950
216,85,1E-4,7960,100
216,85,3E-4,7240,0.06
216,85,3E-4,7317,0.085
216,85,3E-4,7394,0.27
216,85,3E-4,7470,0.5
216,85,3E-4,7556,0.07
216,85,3E-4,7560,0.10
216,85,3E-4,7593,0.16
216,85,3E-4,7610,0.10
216,85,3E-4,7689,1.40
216,85,3E-4,7802,97.5
217,85,0.0323,6037,1.0E-3
217,85,0.0323,6322.0,0.0050
217,85,0.0323,6484.7,0.0210
217,85,0.0323,6813.8,0.036
217,85,0.0323,7066.9,99.89
218,85,1.5,6653,6.394
218,85,1.5,6693,89.91
218,85,1.5,6756,3.596
220,85,222.6,5943,8.0
195,86,0.005,7555,99.80
195,86,0.006,7536,99.75
196,86,0.0044,7462,99.80
197,86,0.021,7357,100
197,86,0.066,7260,100
198,86,0.065,6893,0.070
198,86,0.065,7205,99.3
199,86,0.31,7060,97
199,86,0.59,6989,94
200,86,0.96,6355,0.0079
200,86,0.96,6454,0.0059
200,86,0.96,6902,98
201,86,3.8,6773,90
201,86,7.1,6590,2.0
201,86,7.1,6725,78
202,86,9.7,5841,0.0014
202,86,9.7,6639.5,78
203,86,26.9,6550.3,78
203,86,44,6428.6,1.7
203,86,44,6499,64
205,86,170,6128,0.012
205,86,170,6261.4,24.2
205,86,170,6268,0.39
206,86,340.2,6259.7,63
207,86,555,6000,0.021
207,86,555,6072,0.139
207,86,555,6131,21
208,86,1461,5469.1,0.029
208,86,1461,6140.1,62
209,86,1728,5660,0.0041
209,86,1728,5887,0.037
209,86,1728,5898,0.024
209,86,1728,6039,16.9
210,86,8640,5351,0.0054
210,86,8640,6041,96.0
211,86,52560,5055,1.6E-4
211,86,52560,5179,7.1E-4
211,86,52560,5276,0.0041
211,86,52560,5466,0.0038
211,86,52560,5616,0.74
211,86,52560,5783.9,17.3
211,86,52560,5852.2,9.3
212,86,1434,5583,0.050
212,86,1434,6264,99.950
213,86,0.025,7553,1.0
213,86,0.025,8088,99.0
215,86,2.3E-6,8674,100
217,86,5.4E-4,7741,100
218,86,0.035,6531.1,0.127
218,86,0.035,7129.2,99.870
219,86,3.96,5744,1E-4
219,86,3.96,5764,0.001
219,86,3.96,5900,1.00E-4
219,86,3.96,5944,0.002
219,86,3.96,5958,1E-4
219,86,3.96,6000,0.003
219,86,3.96,6100,0.001
219,86,3.96,6124,0.001
219,86,3.96,6158,0.018
219,86,3.96,6223,0.004
219,86,3.96,6311,0.054
219,86,3.96,6425.0,7.5
219,86,3.96,6530,0.12
219,86,3.96,6552.6,12.9
219,86,3.96,6819.1,79.4
220,86,55.6,5747,0.114
220,86,55.6,6288.08,99.886
221,86,1542,5778,1.60
221,86,1542,5788,2.20
221,86,1542,6037,16.2
222,86,330350.4,4826,5.0E-4
222,86,330350.4,4986,0.0780
222,86,330350.4,5489.48,99.920
200,87,0.049,7471,100
201,87,0.069,7361,100
202,87,0.29,7235,100
202,87,0.3,7241,100
203,87,0.549,7131,95
204,87,0.8,7013,100
204,87,1.6,6969,30
204,87,1.6,7077,0.21
204,87,1.9,6916,0.42
204,87,1.9,7031,70
205,87,3.92,6915,100
206,87,0.7,6930,5.0
206,87,16,6790,84
206,87,16,6792,84
207,87,14.8,6767,95.0
208,87,59.1,6641,89
209,87,50.5,6646,89
210,87,190.8,5900,0.007
210,87,190.8,6112,0.0012
210,87,190.8,6212,0.0156
210,87,190.8,6227,0.0071
210,87,190.8,6348,0.0029
210,87,190.8,6400,0.024
210,87,190.8,6409,0.010
210,87,190.8,6420,0.021
210,87,190.8,6545,71
211,87,186,5866,0.008
211,87,186,5905,0.005
211,87,186,6199,0.036
211,87,186,6537,87
212,87,1200,5738,8.6E-4
212,87,1200,5828,0.022
212,87,1200,5983,0.031
212,87,1200,6076,0.185
212,87,1200,6127,0.51
212,87,1200,6173,0.47
212,87,1200,6183,0.56
212,87,1200,6261.9,16.3
212,87,1200,6335,4.4
212,87,1200,6342,1.32
212,87,1200,6383.3,10.3
212,87,1200,6406.2,9.4
213,87,34.6,6775.0,99.45
214,87,0.00335,7341,0.05
214,87,0.00335,7594,0.5
214,87,0.00335,7708,1.1
214,87,0.00335,7963,0.7
214,87,0.00335,8046,0.9
214,87,0.00335,8478,50.9
214,87,0.00335,8547,46
214,87,0.005,7406,0.3
214,87,0.005,7605,1
214,87,0.005,7840,0.05
214,87,0.005,7937,1
214,87,0.005,8358,4.80
214,87,0.005,8427,93.0
215,87,8.6E-8,9360,100
216,87,7E-7,8811,0.200
216,87,7E-7,8861,0.50
216,87,7E-7,9004,95.0
217,87,1.9E-5,8315,100
218,87,0.001,7382,1.0
218,87,0.001,7533,0.50
218,87,0.001,7570,5.0
218,87,0.001,7728,1.5
218,87,0.001,7866.5,92.0
218,87,0.022,6835,0.040
218,87,0.022,6953,0.51
218,87,0.022,6995,0.037
218,87,0.022,7085,0.33
218,87,0.022,7104,1.61
218,87,0.022,7176,0.89
218,87,0.022,7238,9.5
218,87,0.022,7331,0.58
218,87,0.022,7397,3.30
218,87,0.022,7457,1.30
218,87,0.022,7505,0.93
218,87,0.022,7548,0.76
218,87,0.022,7615,41.3
218,87,0.022,7656,10.9
218,87,0.022,7680,15.9
218,87,0.022,7724,4.8
218,87,0.022,7769,1.14
218,87,0.022,7809,1.60
218,87,0.022,7874,1.40
218,87,0.022,7951,2.40
219,87,0.02,6744,0.015
219,87,0.02,6802.9,0.25
219,87,0.02,6846.2,0.05
219,87,0.02,6956.6,0.0200
219,87,0.02,6967.3,0.6
219,87,0.02,7145.7,0.25
219,87,0.02,7312.3,98.80
220,87,27.4,6260,0.0025
220,87,27.4,6303.1,0.014948
220,87,27.4,6363.9,0.009965
220,87,27.4,6378.2,0.34878
220,87,27.4,6402.1,1.2456
220,87,27.4,6427.6,0.23916
220,87,27.4,6444.8,0.0100
220,87,27.4,6471.5,1.2955
220,87,27.4,6480.1,0.5979
220,87,27.4,6508.6,0.5979
220,87,27.4,6516.5,2.9895
220,87,27.4,6524.2,2.4913
220,87,27.4,6573,8.969
220,87,27.4,6620,1.5944
220,87,27.4,6633,12.157
220,87,27.4,6677,65.77
221,87,294,5500,9.0E-4
221,87,294,5530,9.0E-4
221,87,294,5689,0.0020
221,87,294,5697,1.00E-3
221,87,294,5776,0.060
221,87,294,5783,0.0050
221,87,294,5813,0.0040
221,87,294,5925,0.030
221,87,294,5938.9,0.17
221,87,294,5965.9,0.080
221,87,294,5979.9,0.49
221,87,294,6037,0.0030
221,87,294,6075.9,0.15
221,87,294,6126.3,15.10
221,87,294,6243.0,1.34
221,87,294,6341.0,83.4
203,88,0.024,7612,100
203,88,0.031,7589,100
204,88,0.057,7486,100
205,88,0.17,7370,100
205,88,0.21,7340,100
206,88,0.24,7269,100
207,88,0.057,7323,25
208,88,1.3,7133,95
209,88,4.7,6376,0.2
209,88,4.7,6625,0.5
209,88,4.7,7003,99.3
210,88,3.7,6452,0.030
210,88,3.7,7016,100
211,88,13,6255,5.58E-4
211,88,13,6315,3.72E-4
211,88,13,6320,6.51E-5
211,88,13,6627,7.44E-4
211,88,13,6788,0.0093
211,88,13,6909,92.07
212,88,13,6269,0.043
212,88,13,6899.2,85
213,88,0.0021,8265,0.030
213,88,0.0021,8357,0.28
213,88,0.0021,8466,0.69
213,88,164.4,6411,0.32
213,88,164.4,6522,4.8
213,88,164.4,6624,39
213,88,164.4,6731,36
214,88,2.46,6505,0.20
214,88,2.46,7137,99.74
215,88,0.00155,7882,2.8
215,88,0.00155,8171,1.3
215,88,0.00155,8700,95.9
217,88,1.6E-6,8992,100
219,88,0.01,7198,2.4
219,88,0.01,7678,66.2
219,88,0.01,7706,0.90
219,88,0.01,7780,0.50
219,88,0.01,7988,30.5
220,88,0.018,7001,1.0
220,88,0.018,7453,99.0
221,88,28,6147,0.050
221,88,28,6195,0.2
221,88,28,6287,0.050
221,88,28,6382,0.4
221,88,28,6390,0.100
221,88,28,6463,0.050
221,88,28,6526,0.3
221,88,28,6579,5.6
221,88,28,6581,3.0
221,88,28,6607,38
221,88,28,6662,23
221,88,28,6667,0.8
221,88,28,6754,32.0
222,88,36.17,5734,0.00420
222,88,36.17,5777,0.00410
222,88,36.17,5918,0.00410
222,88,36.17,6241,3.05
222,88,36.17,6559,96.90
223,88,987552,5014.4,4.4E-4
223,88,987552,5025.5,6.3E-4
223,88,987552,5036.0,4.0E-4
223,88,987552,5056.0,2.00E-4
223,88,987552,5086.2,3.0E-4
223,88,987552,5112.4,6.0E-4
223,88,987552,5134.8,0.00170
223,88,987552,5151.8,0.021
223,88,987552,5172.8,0.026
223,88,987552,5211.6,0.0053
223,88,987552,5236.3,0.041
223,88,987552,5258.8,0.042
223,88,987552,5282.8,0.093
223,88,987552,5287.3,0.15
223,88,987552,5338.7,0.130
223,88,987552,5365.6,0.130
223,88,987552,5433.6,2.22
223,88,987552,5481.2,0.0080
223,88,987552,5501.6,1.00
223,88,987552,5539.80,9.00
223,88,987552,5606.73,25.2
223,88,987552,5716.23,51.6
223,88,987552,5747.0,9.00
223,88,987552,5857.5,0.31
223,88,987552,5871.3,1.00
224,88,316224,5034,0.0030
224,88,316224,5051,0.0076
224,88,316224,5161,0.0071
224,88,316224,5448.6,5.06
224,88,316224,5685.37,94.92
225,88,1287360,4976,1.6E-9
225,88,1287360,5006,5.2E-9
226,88,5.0492E10,4160,2.7E-4
226,88,5.0492E10,4191,1.00E-3
226,88,5.0492E10,4340,0.0065
226,88,5.0492E10,4601,6.16
226,88,5.0492E10,4784.34,93.84
206,89,0.022,7790,100
206,89,0.033,7750,100
208,89,0.025,7758,90
208,89,0.095,7572,99
209,89,0.098,7577,100
210,89,0.35,7462,100
211,89,0.21,7477,100
212,89,0.93,7379,97
213,89,0.8,7364,100
214,89,8.2,7002,3.7
214,89,8.2,7082,41
214,89,8.2,7214,48
215,89,0.17,6962,0.140
215,89,0.17,7028,0.200
215,89,0.17,7216,0.46
215,89,0.17,7604,99.111
216,89,4.4E-4,8992,10
216,89,4.4E-4,9064,90
216,89,4.41E-4,8198,1.7
216,89,4.41E-4,8273,2.5
216,89,4.41E-4,9030,49.6
216,89,4.41E-4,9108,46.2
217,89,8E-9,11137,0.98
217,89,6.9E-8,9650,100
217,89,7.4E-7,10540,3.9
217,89,7.4E-7,11137,0.31
217,89,7.4E-7,11625,0.12
218,89,1.08E-6,9205,100
219,89,1.18E-5,8664,100
220,89,0.0264,7622,4
220,89,0.0264,7635,4
220,89,0.0264,7652,9
220,89,0.0264,7664,4
220,89,0.0264,7670,8
220,89,0.0264,7709,11
220,89,0.0264,7792,10
220,89,0.0264,7850,5
220,89,0.0264,7855,26
220,89,0.0264,7944,2.00
220,89,0.0264,7971,4
220,89,0.0264,8006,3
220,89,0.0264,8055,4
220,89,0.0264,8063,2
220,89,0.0264,8194,4
221,89,0.052,7170,2.4
221,89,0.052,7377,9.0
221,89,0.052,7440,21
221,89,0.052,7645,68
222,89,5,6963,5.9
222,89,5,7008.6,93.1
223,89,126,5892,0.0099
223,89,126,5966.8,0.0297
223,89,126,6023.0,0.0099
223,89,126,6082.7,0.0297
223,89,126,6134.9,0.12
223,89,126,6140.2,0.030
223,89,126,6163.0,0.0495
223,89,126,6177.7,0.94
223,89,126,6205.9,0.030
223,89,126,6223.4,0.0059
223,89,126,6235.8,0.0891
223,89,126,6281.3,0.050
223,89,126,6292.8,0.47
223,89,126,6293.6,0.059
223,89,126,6325.7,0.30
223,89,126,6332.5,0.14
223,89,126,6341.8,0.050
223,89,126,6360.5,0.22
223,89,126,6396.8,0.129
223,89,126,6448.6,0.20
223,89,126,6454.7,0.06
223,89,126,6473.0,3.1
223,89,126,6523.2,0.6
223,89,126,6528.4,3.1
223,89,126,6563.7,13.6
223,89,126,6581.8,0.30
223,89,126,6606,0.5
223,89,126,6646.7,44
223,89,126,6661.6,31
224,89,10008,5644.3,0.0055
224,89,10008,5712.8,0.0109
224,89,10008,5721.8,0.0109
224,89,10008,5742.8,0.0046
224,89,10008,5771.8,0.022
224,89,10008,5779.8,0.0055
224,89,10008,5806.7,0.0018
224,89,10008,5840.6,0.024
224,89,10008,5844.5,0.050
224,89,10008,5854.6,0.0064
224,89,10008,5857.7,0.023
224,89,10008,5864.0,0.068
224,89,10008,5871.0,0.0091
224,89,10008,5880.3,0.15
224,89,10008,5905.4,0.013
224,89,10008,5912.5,0.014
224,89,10008,5919.6,0.087
224,89,10008,5945.6,0.40
224,89,10008,5961.5,0.0027
224,89,10008,5971.5,0.016
224,89,10008,6003.6,0.61
224,89,10008,6017.6,0.13
224,89,10008,6059.8,2.0
224,89,10008,6141.7,2.3
224,89,10008,6158.9,0.094
224,89,10008,6207.0,1.08
224,89,10008,6213.8,1.9
225,89,864000,5021,5.E-4
225,89,864000,5067,0.0030
225,89,864000,5092,0.0060
225,89,864000,5131,0.0020
225,89,864000,5131,0.0020
225,89,864000,5202,0.0020
225,89,864000,5211,0.030
225,89,864000,5239,0.0030
225,89,864000,5270,0.014
225,89,864000,5286,0.230
225,89,864000,5321,0.070
225,89,864000,5436,0.070
225,89,864000,5443,0.140
225,89,864000,5540,0.015
225,89,864000,5545,0.030
225,89,864000,5554,0.1
225,89,864000,5563,0.034
225,89,864000,5580,1.20
225,89,864000,5598,0.04
225,89,864000,5609,1.10
225,89,864000,5637,4.4
225,89,864000,5682,1.30
225,89,864000,5724,3.1
225,89,864000,5731,0.87
225,89,864000,5732,1.32
225,89,864000,5732,8.0
225,89,864000,5790.6,8.6
225,89,864000,5792.5,18.1
225,89,864000,5805,0.3
225,89,864000,5829.9,0.023
225,89,864000,5830,50.7
226,89,105732,5399,0.0060
227,89,6.871E8,4363,4.1E-5
227,89,6.871E8,4423,8.280E-5
227,89,6.871E8,4445,6.900E-4
227,89,6.871E8,4459,6.9E-5
227,89,6.871E8,4512,4.1E-5
227,89,6.871E8,4581,4.1E-5
227,89,6.871E8,4589,1.380E-4
227,89,6.871E8,4594,2.760E-4
227,89,6.871E8,4715,0.006
227,89,6.871E8,4738,0.001242
227,89,6.871E8,4768,0.025
227,89,6.871E8,4785,0.001104
227,89,6.871E8,4796,0.014
227,89,6.871E8,4822,9.66E-4
227,89,6.871E8,4855,0.083
227,89,6.871E8,4872.7,0.087
227,89,6.871E8,4898.8,0.001518
227,89,6.871E8,4940.7,0.546
227,89,6.871E8,4953.26,0.658
209,90,0.0038,8080,100
210,90,0.009,7899,100
211,90,0.037,7792,100
213,90,0.14,7692,100
215,90,1.2,7336,8
215,90,1.2,7387,52
215,90,1.2,7520,40
216,90,1.8E-4,9912,3.0
216,90,0.026,7302,0.54
216,90,0.026,7922,99.46
217,90,2.51E-4,8456,3.67
217,90,2.51E-4,8726,1.64
217,90,2.51E-4,9261,94.7
218,90,1.17E-7,9666,100
219,90,1.05E-6,9340,100
221,90,0.00173,7730,5.0
221,90,0.00173,8145,56
221,90,0.00173,8470,39
222,90,0.00224,7599,2.30
222,90,0.00224,7980,97.7
222,90,0.00224,7599,2.30
222,90,0.00224,7980,97.7
223,90,0.6,6928,0.4
223,90,0.6,6972,0.6
223,90,0.6,6998,1.5
223,90,0.6,7021,0.3
223,90,0.6,7037,1.9
223,90,0.6,7112,0.05
223,90,0.6,7120,0.7
223,90,0.6,7286,26
223,90,0.6,7298,55
223,90,0.6,7323,13
223,90,0.6,7435,1.00
224,90,1.05,6700,0.30
224,90,1.05,6770,1.2
224,90,1.05,7000,19.0
224,90,1.05,7170,79.0
225,90,523.2,6312,1.8
225,90,523.2,6345,1.8
225,90,523.2,6441,13.5
225,90,523.2,6478,39
225,90,523.2,6501,12.6
225,90,523.2,6627,2.7
225,90,523.2,6649,2.7
225,90,523.2,6699,1.8
225,90,523.2,6743,6.3
225,90,523.2,6797,8.1
226,90,1834.2,5333,1.7E-4
226,90,1834.2,5442,3.4E-4
226,90,1834.2,5874,2.30E-4
226,90,1834.2,6028,0.206
226,90,1834.2,6040,0.187
226,90,1834.2,6099,1.26
226,90,1834.2,6234,22.80
226,90,1834.2,6336.8,75.5
227,90,1613952,5033.5,3.10E-4
227,90,1613952,5056.1,2.30E-4
227,90,1613952,5083.5,1.50E-4
227,90,1613952,5110.5,2.80E-4
227,90,1613952,5128.7,6.2E-4
227,90,1613952,5146.5,0.00410
227,90,1613952,5171.0,0.00170
227,90,1613952,5180.6,0.00120
227,90,1613952,5193.7,0.0038
227,90,1613952,5210.2,0.0070
227,90,1613952,5229.2,0.0098
227,90,1613952,5248.3,0.00320
227,90,1613952,5264.3,0.00260
227,90,1613952,5321.8,2.4E-4
227,90,1613952,5335.9,2.0E-4
227,90,1613952,5365.0,6.6E-4
227,90,1613952,5408.7,4.4E-4
227,90,1613952,5458.6,0.00270
227,90,1613952,5480.4,0.00120
227,90,1613952,5509.9,0.0166
227,90,1613952,5531.7,0.0210
227,90,1613952,5585.9,0.176
227,90,1613952,5600.6,0.170
227,90,1613952,5613.3,0.216
227,90,1613952,5622.0,0.0070
227,90,1613952,5640.2,0.0179
227,90,1613952,5668.0,2.06
227,90,1613952,5674.3,0.057
227,90,1613952,5693.0,1.50
227,90,1613952,5700.8,3.63
227,90,1613952,5708.8,8.3
227,90,1613952,5713.2,4.89
227,90,1613952,5728.1,0.0342
227,90,1613952,5756.87,20.4
227,90,1613952,5762.3,0.228
227,90,1613952,5795.5,0.311
227,90,1613952,5807.5,1.270
227,90,1613952,5866.6,2.42
227,90,1613952,5909.9,0.174
227,90,1613952,5916.0,0.78
227,90,1613952,5959.7,3.00
227,90,1613952,5977.72,23.5
227,90,1613952,5989.4,0
227,90,1613952,6008.8,2.90
227,90,1613952,6038.01,24.2
228,90,6.0338E7,5138,0.038
228,90,6.0338E7,5173,0.227
228,90,6.0338E7,5211,0.420
228,90,6.0338E7,5340.36,27.2
228,90,6.0338E7,5423.15,72.2
229,90,2.316E11,4478,0.0050
229,90,2.316E11,4484,0.030
229,90,2.316E11,4599,0.020
229,90,2.316E11,4608,0.050
229,90,2.316E11,4667,1.00E-3
229,90,2.316E11,4690,0.23
229,90,2.316E11,4694,0.120
229,90,2.316E11,4737,0.0100
229,90,2.316E11,4748,0.0050
229,90,2.316E11,4754,0.050
229,90,2.316E11,4761,1.0
229,90,2.316E11,4797.8,1.50
229,90,2.316E11,4809,0.220
229,90,2.316E11,4814.6,9.30
229,90,2.316E11,4833,0.29
229,90,2.316E11,4838,5.00
229,90,2.316E11,4845.3,56.20
229,90,2.316E11,4852,0.030
229,90,2.316E11,4861,0.28
229,90,2.316E11,4865,0.030
229,90,2.316E11,4878,0.030
229,90,2.316E11,4901.0,10.20
229,90,2.316E11,4930,0.16
229,90,2.316E11,4967.5,5.97
229,90,2.316E11,4978.5,3.17
229,90,2.316E11,5009,0.090
229,90,2.316E11,5023,0.009
229,90,2.316E11,5036,0.240
229,90,2.316E11,5047,0.10
229,90,2.316E11,5053,6.60
229,90,2.316E11,5078,0.05
230,90,2.379E12,3829.4,1.40E-6
230,90,2.379E12,3877.8,3.4E-6
230,90,2.379E12,4248.5,1.03E-5
230,90,2.379E12,4278.3,8.0E-6
230,90,2.379E12,4371.8,9.7E-4
230,90,2.379E12,4438.4,0.030
230,90,2.379E12,4479.8,0.120
230,90,2.379E12,4620.5,23.40
230,90,2.379E12,4687.0,76.3
232,90,4.434E17,3811.1,0.069
232,90,4.434E17,3947.2,21.7
232,90,4.434E17,4012.3,78.2
212,91,0.0051,8270,100
216,91,0.167,7793,3.7
216,91,0.167,7815,42
216,91,0.167,7948,47
217,91,0.0012,8306,0.113
217,91,0.0012,9533,0.060
217,91,0.0012,9552,0.11
217,91,0.0012,9697,0.025
217,91,0.0012,10157,75.0
217,91,0.0036,7710,0.30
217,91,0.0036,7728,0.30
217,91,0.0036,7873,0.40
217,91,0.0036,8336,99.0
218,91,1.13E-4,9540,35
218,91,1.13E-4,9615,65
219,91,5.3E-8,9900,100
224,91,0.79,7151,0.03
224,91,0.79,7205,0.2
224,91,0.79,7226,0.1
224,91,0.79,7249,0.1
224,91,0.79,7297,2
224,91,0.79,7326,1.5
224,91,0.79,7375,2.5
224,91,0.79,7405,12
224,91,0.79,7408,4
224,91,0.79,7444,2.5
224,91,0.79,7449,4
224,91,0.79,7488,70
224,91,0.79,7528,2.9
225,91,1.7,7195,30
225,91,1.7,7245,70
226,91,108,6729,0.74
226,91,108,6824,34.0
226,91,108,6864,38
227,91,2298,6299,0.680
227,91,2298,6326,0.340
227,91,2298,6336,0.595
227,91,2298,6356.7,6.7
227,91,2298,6376,2.21
227,91,2298,6401.7,8.0
227,91,2298,6415.8,12.8
227,91,2298,6423.8,9.9
227,91,2298,6465.8,42.7
228,91,79200,5711,0.020
228,91,79200,5758,0.060
228,91,79200,5765,0.052
228,91,79200,5780,0.026
228,91,79200,5800,0.214
228,91,79200,5806,0.138
228,91,79200,5827,0.116
228,91,79200,5844,0.0080
228,91,79200,5859,0.0060
228,91,79200,5875,0.026
228,91,79200,5905,0.020
228,91,79200,5921,0.016
228,91,79200,5940,0.0100
228,91,79200,5946,0.0120
228,91,79200,5974,0.050
228,91,79200,5981,0.052
228,91,79200,5988,0.020
228,91,79200,5997,0.0060
228,91,79200,6010,0.016
228,91,79200,6027,0.170
228,91,79200,6040,0.044
228,91,79200,6047,0.0060
228,91,79200,6052,0.0140
228,91,79200,6065,0.020
228,91,79200,6076,0.39
228,91,79200,6089,0.044
228,91,79200,6104,0.23
228,91,79200,6117,0.198
228,91,79200,6126,0.020
229,91,129600,5320,2.4E-4
229,91,129600,5413,4.8E-4
229,91,129600,5422,3.4E-4
229,91,129600,5479,0.0082
229,91,129600,5501,0.0034
229,91,129600,5517,0.0029
229,91,129600,5536,0.041
229,91,129600,5565,0.0187
229,91,129600,5580,0.173
229,91,129600,5591,0.0221
229,91,129600,5615,0.064
229,91,129600,5630,0.047
229,91,129600,5658,5.E-4
229,91,129600,5670,0.089
229,91,129600,5695,9.6E-4
229,91,129600,5705,5.E-4
229,91,129600,5734,0.0012
230,91,1503359.1,4766,6.E-6
230,91,1503359.1,4798,9.6E-7
230,91,1503359.1,4934,1.3E-5
230,91,1503359.1,4973,2.2E-5
230,91,1503359.1,5060,1.3E-5
230,91,1503359.1,5084,2.2E-5
230,91,1503359.1,5119,1.9E-5
230,91,1503359.1,5153,1.3E-5
230,91,1503359.1,5183,1.6E-5
230,91,1503359.1,5216.6,1.6E-5
230,91,1503359.1,5268.4,1.12E-4
230,91,1503359.1,5275.6,9.6E-5
230,91,1503359.1,5287.4,1.0E-4
230,91,1503359.1,5300.5,5.4E-4
230,91,1503359.1,5312.0,4.2E-4
230,91,1503359.1,5326.2,5.8E-4
230,91,1503359.1,5339.7,4.8E-4
230,91,1503359.1,5344.7,7.4E-4
231,91,1.0338E12,4410,1.00E-3
231,91,1.0338E12,4508,0.003
231,91,1.0338E12,4566,0.008
231,91,1.0338E12,4599,0.015
231,91,1.0338E12,4632,0.100
231,91,1.0338E12,4643,0.100
231,91,1.0338E12,4681,1.5
231,91,1.0338E12,4713,1.00
231,91,1.0338E12,4736.0,8.4
231,91,1.0338E12,4795,0.04
231,91,1.0338E12,4853,1.4
231,91,1.0338E12,4900,0.002
231,91,1.0338E12,4934,3
231,91,1.0338E12,4951.3,22.8
231,91,1.0338E12,4975,0.4
231,91,1.0338E12,4986,1.4
231,91,1.0338E12,5013.8,25.4
231,91,1.0338E12,5028.4,20
231,91,1.0338E12,5032,2.50
231,91,1.0338E12,5058.6,11
217,92,0.016,8018,100
219,92,4.2E-5,9680,100
223,92,5.5E-5,8780,100
225,92,0.069,7630,2.0
225,92,0.069,7820,15
225,92,0.069,7867,83
226,92,0.35,7387,15
226,92,0.35,7566,85
227,92,66,6740,16
227,92,66,6860,50
227,92,66,6905,14
227,92,66,7060,20.0
228,92,546,6410,0.55
228,92,546,6442,0.64
228,92,546,6590,28
228,92,546,6680,68
229,92,3480,6185,0.20
229,92,3480,6223,0.60
229,92,3480,6260,0.20
229,92,3480,6297,2.2
229,92,3480,6332,4.0
229,92,3480,6360,12.8
230,92,1797120,5056,6.9E-5
230,92,1797120,5097.1,3.0E-4
230,92,1797120,5445.8,2.5E-4
230,92,1797120,5448.7,7.0E-5
230,92,1797120,5533,1.00E-4
230,92,1797120,5543,5.4E-4
230,92,1797120,5586.0,0.0115
230,92,1797120,5662.4,0.26
230,92,1797120,5667.0,0.38
230,92,1797120,5817.5,32.00
230,92,1797120,5888.4,67.4
231,92,362880,5167,8.8E-6
231,92,362880,5196,3.1E-5
231,92,362880,5252,8.0E-6
231,92,362880,5255,2.0E-6
231,92,362880,5283,1.2E-5
231,92,362880,5299,1.6E-5
231,92,362880,5355,2.7E-5
231,92,362880,5383,2.2E-4
231,92,362880,5394,6.0E-5
231,92,362880,5404,8.4E-4
231,92,362880,5408,6.E-6
231,92,362880,5443,2.4E-5
231,92,362880,5456,0.0017
231,92,362880,5471,0.0011
231,92,362880,5480,2.8E-5
232,92,2.174E9,4460.94,3.9E-6
232,92,2.174E9,4502.80,2.10E-5
232,92,2.174E9,4810.04,5.6E-5
232,92,2.174E9,4931.04,4.8E-5
232,92,2.174E9,4948.63,5.1E-5
232,92,2.174E9,4997.94,0.00616
232,92,2.174E9,5139.0,0.300
232,92,2.174E9,5263.36,31.55
232,92,2.174E9,5320.12,68.15
233,92,5.024E12,4309,9E-4
233,92,5.024E12,4404,3E-4
233,92,5.024E12,4411,4E-4
233,92,5.024E12,4457,0.0028
233,92,5.024E12,4465,0.003
233,92,5.024E12,4483,0.0014
233,92,5.024E12,4503,0.001
233,92,5.024E12,4507,0.012
233,92,5.024E12,4513,0.018
233,92,5.024E12,4538,0.004
233,92,5.024E12,4565,0.0023
233,92,5.024E12,4590,0.007
233,92,5.024E12,4611,0.006
233,92,5.024E12,4615,0.004
233,92,5.024E12,4634,0.01
233,92,5.024E12,4641,0.003
233,92,5.024E12,4656,0.0050
233,92,5.024E12,4664,0.042
233,92,5.024E12,4681,0.01
233,92,5.024E12,4687,0.0028
233,92,5.024E12,4701,0.06
233,92,5.024E12,4729,1.61
233,92,5.024E12,4751,0.01
233,92,5.024E12,4754,0.163
233,92,5.024E12,4758,0.016
233,92,5.024E12,4783.5,13.2
233,92,5.024E12,4796,0.28
233,92,5.024E12,4824.2,84.3
234,92,7.747E12,4108.6,7.0E-6
234,92,7.747E12,4150.6,2.6E-5
234,92,7.747E12,4277.3,4.0E-5
234,92,7.747E12,4603.5,0.200
234,92,7.747E12,4722.4,28.42
234,92,7.747E12,4774.6,71.38
235,92,2.221E16,4150,0.90
235,92,2.221E16,4214.7,5.7
235,92,2.221E16,4219,0.90
235,92,2.221E16,4271,0.40
235,92,2.221E16,4295,0.0090
235,92,2.221E16,4366.1,17.0
235,92,2.221E16,4397.8,55
235,92,2.221E16,4414,2.10
235,92,2.221E16,4435,0.70
235,92,2.221E16,4502,1.70
235,92,2.221E16,4556,4.2
235,92,2.221E16,4596.4,5.0
236,92,7.391E14,4168,1.4E-4
236,92,7.391E14,4332,0.150
236,92,7.391E14,4445,26
236,92,7.391E14,4494,74
238,92,1.41E17,4038,0.078
238,92,1.41E17,4151,21
238,92,1.41E17,4198,79
226,93,0.035,8000,50
226,93,0.035,8060,50
229,93,240,6893,68
235,93,3.423E7,4809,2.6E-6
235,93,3.423E7,4862,1.8E-5
235,93,3.423E7,4925,2.99E-4
235,93,3.423E7,4940,1.56E-5
235,93,3.423E7,4997,1.56E-4
235,93,3.423E7,5007,7.E-6
235,93,3.423E7,5008,6.2E-4
235,93,3.423E7,5025,0.00138
235,93,3.423E7,5051,4.7E-5
235,93,3.423E7,5100,5.2E-6
235,93,3.423E7,5108,3.9E-5
237,93,6.766E13,4515.1,0.035
237,93,6.766E13,4573,0.048
237,93,6.766E13,4578.6,0.369
237,93,6.766E13,4594.9,0.085
237,93,6.766E13,4599.1,0.371
237,93,6.766E13,4619.7,0.032
237,93,6.766E13,4640.0,6.43
237,93,6.766E13,4659.1,0.3
237,93,6.766E13,4665.0,3.478
237,93,6.766E13,4698.2,0.535
237,93,6.766E13,4708.3,0.6
237,93,6.766E13,4712.3,0.6
237,93,6.766E13,4741.3,0.019
237,93,6.766E13,4766.5,9.3
237,93,6.766E13,4771.4,23.2
237,93,6.766E13,4788.0,47.64
237,93,6.766E13,4803.5,2.014
237,93,6.766E13,4816.8,2.430
237,93,6.766E13,4866.4,0.53
237,93,6.766E13,4872.7,2.39
232,94,2046,6542,7.6
232,94,2046,6600,15
234,94,31680.000000000004,6031,0.024
234,94,31680.000000000004,6151,1.9
234,94,31680.000000000004,6202,4.1
235,94,1500,5850,0.0022
236,94,9.0192E7,4816.4,1.53E-5
236,94,9.0192E7,4856.0,1.33E-5
236,94,9.0192E7,4915.4,1.21E-5
236,94,9.0192E7,4948.2,6E-7
236,94,9.0192E7,5033.5,2.46E-6
236,94,9.0192E7,5045.5,1.30E-5
236,94,9.0192E7,5087.9,5.8E-4
236,94,9.0192E7,5214.0,2.60E-4
236,94,9.0192E7,5236.1,1.30E-5
236,94,9.0192E7,5450.4,0.00185
236,94,9.0192E7,5613.7,0.23
236,94,9.0192E7,5720.87,30.8
236,94,9.0192E7,5767.53,69.1
237,94,3905280.0000000005,5098,2.1E-5
237,94,3905280.0000000005,5154,2.7E-4
237,94,3905280.0000000005,5302,5.1E-4
237,94,3905280.0000000005,5334,0.0018
237,94,3905280.0000000005,5356,7.2E-4
237,94,3905280.0000000005,5498,8.8E-5
237,94,3905280.0000000005,5560,1.51E-4
237,94,3905280.0000000005,5610,3.1E-4
237,94,3905280.0000000005,5650,3.0E-4
238,94,2.768E9,4430.7,1.10E-6
238,94,2.768E9,4470.8,1.20E-6
238,94,2.768E9,4524.9,7.E-8
238,94,2.768E9,4565.8,2.5E-7
238,94,2.768E9,4590,1.2E-5
238,94,2.768E9,4661,5.93E-6
238,94,2.768E9,4662.6,9.E-8
238,94,2.768E9,4704,5E-5
238,94,2.768E9,4724,2.2E-5
238,94,2.768E9,5015,6.8E-6
238,94,2.768E9,5205.6,0.00300
238,94,2.768E9,5357.7,0.105
238,94,2.768E9,5456.3,28.98
238,94,2.768E9,5499.03,70.91
239,94,7.609E11,4059,2.1E-8
239,94,7.609E11,4117,9.3E-8
239,94,7.609E11,4181,5.6E-8
239,94,7.609E11,4187,7.4E-8
239,94,7.609E11,4202,4.0E-8
239,94,7.609E11,4204.5,6.1E-8
239,94,7.609E11,4280,1.90E-7
239,94,7.609E11,4306,1.00E-7
239,94,7.609E11,4326,4.20E-8
239,94,7.609E11,4327,2.30E-7
239,94,7.609E11,4349,3.0E-7
239,94,7.609E11,4364.5,8.4E-8
239,94,7.609E11,4380,2.5E-5
239,94,7.609E11,4390,1.00E-6
239,94,7.609E11,4392,2.46E-7
239,94,7.609E11,4400.3,1.03E-5
239,94,7.609E11,4408,1.00E-7
239,94,7.609E11,4419,3.3E-7
239,94,7.609E11,4448.5,2.00E-6
239,94,7.609E11,4464.7,1.15E-5
239,94,7.609E11,4467.4,6.90E-6
239,94,7.609E11,4497,1.5E-8
239,94,7.609E11,4503,5.38E-6
239,94,7.609E11,4510,8.E-5
239,94,7.609E11,4529.6,3.19E-6
239,94,7.609E11,4534,2.84E-6
239,94,7.609E11,4559,1.2E-5
239,94,7.609E11,4632,7.0E-4
239,94,7.609E11,4655,2.8E-6
239,94,7.609E11,4691,5.0E-4
239,94,7.609E11,4718.5,4.00E-5
239,94,7.609E11,4736,0.0051
239,94,7.609E11,4749,6.0E-4
239,94,7.609E11,4769,0.0015
239,94,7.609E11,4795,0.0012
239,94,7.609E11,4824,2.30E-5
239,94,7.609E11,4828,0.0024
239,94,7.609E11,4866,0.0019
239,94,7.609E11,4871,7.E-4
239,94,7.609E11,4912,0.0024
239,94,7.609E11,4934,0.0060
239,94,7.609E11,4960,0.0070
239,94,7.609E11,4987,0.0130
239,94,7.609E11,5006,0.0170
239,94,7.609E11,5028,0.009
239,94,7.609E11,5054,0.047
239,94,7.609E11,5076,0.078
239,94,7.609E11,5105.5,11.94
239,94,7.609E11,5111,0.010
239,94,7.609E11,5144.3,17.11
239,94,7.609E11,5156.59,70.77
239,94,7.609E11,5156.7,0.030
240,94,2.0705E11,4217.3,3.E-8
240,94,2.0705E11,4224.1,3.E-8
240,94,2.0705E11,4226.1,5.E-8
240,94,2.0705E11,4264.38,5.9E-7
240,94,2.0705E11,4436.4,1.3E-8
240,94,2.0705E11,4492.07,2.00E-5
240,94,2.0705E11,4654.69,4.6E-5
240,94,2.0705E11,4863.60,0.00106
240,94,2.0705E11,5021.23,0.084
240,94,2.0705E11,5123.68,27.10
240,94,2.0705E11,5168.17,72.80
241,94,4.51E8,4692,7.4E-7
241,94,4.51E8,4732,7.4E-7
241,94,4.51E8,4742,1.72E-6
241,94,4.51E8,4783,4.9E-6
241,94,4.51E8,4797,3.43E-5
241,94,4.51E8,4852.9,2.96E-4
241,94,4.51E8,4895.9,0.002038
241,94,4.51E8,4972,3.19E-5
241,94,4.51E8,4999,1.00E-5
241,94,4.51E8,5042,2.499E-5
241,94,4.51E8,5055,8.57E-6
242,94,1.179E13,4600.0,8.6E-4
242,94,1.179E13,4756.1,0.0307
242,94,1.179E13,4858.1,23.48
242,94,1.179E13,4902.2,76.49
244,94,2.559E15,4546,19.4
244,94,2.559E15,4589,80.5
235,95,594,6457,0.40
237,95,4380,6042,0.025
238,95,5880,5940,5.E-5
239,95,42840,5680,1.98E-4
239,95,42840,5734,0.00138
239,95,42840,5774.2,0.0084
239,95,42840,5825,3.3E-5
240,95,182880,5286,2.3E-6
240,95,182880,5337,2.28E-5
240,95,182880,5378,1.65E-4
241,95,1.365E10,4758,5.E-6
241,95,1.365E10,4800,8.6E-5
241,95,1.365E10,4834,7E-4
241,95,1.365E10,5004,1E-4
241,95,1.365E10,5068,1.4E-4
241,95,1.365E10,5089,4.0E-4
241,95,1.365E10,5096,4.0E-4
241,95,1.365E10,5114,4E-4
241,95,1.365E10,5137,3.2E-4
241,95,1.365E10,5155,7E-4
241,95,1.365E10,5178,3E-4
241,95,1.365E10,5182,9E-4
241,95,1.365E10,5192,6E-4
241,95,1.365E10,5217,1.0E-5
241,95,1.365E10,5223,0.0013
241,95,1.365E10,5244,0.0024
241,95,1.365E10,5279,5E-4
241,95,1.365E10,5322,0.015
241,95,1.365E10,5388,1.660
241,95,1.365E10,5416.5,0.0100
241,95,1.365E10,5442.80,13.1
241,95,1.365E10,5469,0.020
241,95,1.365E10,5485.56,84.8
241,95,1.365E10,5511.5,0.225
241,95,1.365E10,5544.5,0.37
242,95,4.45E9,4974.7,9.2E-6
242,95,4.45E9,5027.2,9.E-5
242,95,4.45E9,5068,0.0011
242,95,4.45E9,5082,1.38E-4
242,95,4.45E9,5091.8,1.0E-3
242,95,4.45E9,5143.0,0.0257
242,95,4.45E9,5153.1,9.18E-5
242,95,4.45E9,5173.31,9.E-5
242,95,4.45E9,5175.3,9.E-5
242,95,4.45E9,5207.06,0.409
242,95,4.45E9,5214.5,1.38E-4
242,95,4.45E9,5248.01,0.003
242,95,4.45E9,5248.12,0.003
242,95,4.45E9,5249.50,9.E-5
242,95,4.45E9,5251.67,9.E-5
242,95,4.45E9,5272.85,0.0050
242,95,4.45E9,5314.83,0.0028
242,95,4.45E9,5331.85,7.E-4
242,95,4.45E9,5367.61,0.0050
242,95,4.45E9,5410.03,0.0046
242,95,4.45E9,5458.58,6.43E-4
242,95,4.45E9,5517.79,1.4E-5
243,95,2.326E11,4695,0.0017
243,95,2.326E11,4919,8.5E-5
243,95,2.326E11,4930,1.8E-4
243,95,2.326E11,4946,3.4E-4
243,95,2.326E11,4997,8.E-4
243,95,2.326E11,5008,8.E-4
243,95,2.326E11,5029,0.0015
243,95,2.326E11,5035,0.0015
243,95,2.326E11,5088,0.0050
243,95,2.326E11,5113,0.008
243,95,2.326E11,5181,1.360
243,95,2.326E11,5233.3,11.2
243,95,2.326E11,5275.3,87.1
243,95,2.326E11,5321,0.16
243,95,2.326E11,5349.4,0.16
238,96,8640,6464,1.17
238,96,8640,6520,2.67
240,96,2332800,5989,0.01396
240,96,2332800,6147,0.05184
240,96,2332800,6247.7,28.8
240,96,2332800,6290.5,70.9
241,96,2833919.1,5687,0.0022
241,96,2833919.1,5719,8.E-4
241,96,2833919.1,5785,7.0E-4
241,96,2833919.1,5863,0.0014
241,96,2833919.1,5884.7,0.118
241,96,2833919.1,5914,0.0012
241,96,2833919.1,5927.2,0.181
241,96,2833919.1,5939.0,0.69
241,96,2833919.1,5978,0.0028
241,96,2833919.1,6036,0.0012
241,96,2833919.1,6080.9,0.0015
242,96,1.408E7,4869.43,5.2E-7
242,96,1.408E7,4904.44,5.5E-7
242,96,1.408E7,5005.64,3.1E-7
242,96,1.408E7,5101.21,3.7E-6
242,96,1.408E7,5111.1,1.0E-7
242,96,1.408E7,5146.07,1.7E-6
242,96,1.408E7,5165.95,1.13E-6
242,96,1.408E7,5186.95,3.6E-5
242,96,1.408E7,5366.22,2.2E-7
242,96,1.408E7,5462.47,1.26E-5
242,96,1.408E7,5517.75,2.5E-4
242,96,1.408E7,5607.76,2E-5
242,96,1.408E7,5816.39,0.0046
242,96,1.408E7,5969.24,0.0350
242,96,1.408E7,6069.43,25.92
242,96,1.408E7,6112.72,74.08
243,96,9.183E8,5226,3.8887E-4
243,96,9.183E8,5267,0.0014957
243,96,9.183E8,5316,9.971E-4
243,96,9.183E8,5323,0.0029913
243,96,9.183E8,5332,0.0029913
243,96,9.183E8,5523,0.0019942
243,96,9.183E8,5532,0.0059826
243,96,9.183E8,5537,0.0019942
243,96,9.183E8,5568,0.0069797
243,96,9.183E8,5575,0.0069797
243,96,9.183E8,5582,0.0090
243,96,9.183E8,5587,0.0199
243,96,9.183E8,5593,0.009971
243,96,9.183E8,5609,0.005
243,96,9.183E8,5612,0.030
243,96,9.183E8,5622,0.059826
243,96,9.183E8,5639,0.13959
243,96,9.183E8,5646,0.029913
243,96,9.183E8,5682,0.19942
243,96,9.183E8,5686,1.5954
243,96,9.183E8,5742.1,11.5
243,96,9.183E8,5785.2,73.0
243,96,9.183E8,5876,0.69797
243,96,9.183E8,5907,0.09971
243,96,9.183E8,5991.8,5.68
243,96,9.183E8,6010,1.0968
243,96,9.183E8,6058,4.7
243,96,9.183E8,6066.2,1.50
244,96,5.715E8,4920,5.0E-5
244,96,5.715E8,4960,1.49E-4
244,96,5.715E8,5166.64,4.E-6
244,96,5.715E8,5215,5.6E-5
244,96,5.715E8,5315,4E-5
244,96,5.715E8,5513,0.00352
244,96,5.715E8,5664,0.0204
244,96,5.715E8,5762.64,23.10
244,96,5.715E8,5804.77,76.90
245,96,2.682E11,5151,0.0025
245,96,2.682E11,5159,0.0020
245,96,2.682E11,5234.4,0.32
245,96,2.682E11,5272.8,0.07
245,96,2.682E11,5304.3,5.00
245,96,2.682E11,5361.1,93.2
245,96,2.682E11,5370,0.0200
245,96,2.682E11,5370,0.45
245,96,2.682E11,5436.1,0.04
245,96,2.682E11,5488.5,0.83
245,96,2.682E11,5529.0,0.58
246,96,1.502E11,5343.5,17.8
246,96,1.502E11,5386.5,82.2
247,96,4.923E14,4820,4.7
247,96,4.923E14,4870,71.0
247,96,4.923E14,4943,1.60
247,96,4.923E14,4985,2.00
247,96,4.923E14,5147,1.20
247,96,4.923E14,5212,5.7
247,96,4.923E14,5267,13.8
248,96,1.0982E13,4776.0,0.005
248,96,1.0982E13,4931.1,0.070
248,96,1.0982E13,5034.89,16.52
248,96,1.0982E13,5078.41,75.0
243,97,16200,6185,0.0059
243,97,16200,6213,0.0204
243,97,16200,6397,3.0E-4
243,97,16200,6449,0.0011
243,97,16200,6505,0.0104
243,97,16200,6545,0.029
243,97,16200,6577,0.038
243,97,16200,6608,0.00105
243,97,16200,6669,0.0018
243,97,16200,6721,0.0188
243,97,16200,6761,0.023
244,97,15659.1,6626,0.0030
244,97,15659.1,6665,0.0030
245,97,426816.00000000006,5796,0.00108
245,97,426816.00000000006,5852,0.00168
245,97,426816.00000000006,5861,0.0032
245,97,426816.00000000006,5886,0.0258
245,97,426816.00000000006,5980,1.0E-4
245,97,426816.00000000006,6035,6.6E-4
245,97,426816.00000000006,6083,0.0074
245,97,426816.00000000006,6113,0.0062
245,97,426816.00000000006,6118,0.0120
245,97,426816.00000000006,6147,0.0220
245,97,426816.00000000006,6193,0.00144
245,97,426816.00000000006,6258,0.00180
245,97,426816.00000000006,6308,0.0180
245,97,426816.00000000006,6348,0.0186
247,97,4.355E10,5456,1.50
247,97,4.355E10,5501,7.0
247,97,4.355E10,5531,45.0
247,97,4.355E10,5610,0.40
247,97,4.355E10,5654,5.5
247,97,4.355E10,5688,13.0
247,97,4.355E10,5710,17.0
247,97,4.355E10,5754,4.3
247,97,4.355E10,5794,5.5
249,97,2.765E7,5045,5.8E-7
249,97,2.765E7,5114,2.6E-5
249,97,2.765E7,5151,5.5E-7
249,97,2.765E7,5249.4,1.45E-6
249,97,2.765E7,5314,1.07E-6
249,97,2.765E7,5322,7.0E-7
249,97,2.765E7,5352,2.18E-5
249,97,2.765E7,5389.7,2.32E-4
249,97,2.765E7,5416.6,0.00108
249,97,2.765E7,5437.1,7.0E-5
240,98,57.6,7545,28
240,98,57.6,7590,59
243,98,642,7060,9.9
243,98,642,7170,4.1
244,98,1164,7174,18
244,98,1164,7209,53
245,98,2784,6978,0.104
245,98,2784,7016,0.104
245,98,2784,7058,0.228
245,98,2784,7084,2.35
245,98,2784,7137.9,30.8
246,98,128520.00000000001,6467,0.0160
246,98,128520.00000000001,6615.6,0.150
246,98,128520.00000000001,6708.2,20.6
246,98,128520.00000000001,6750.0,79.3
247,98,11196,6238,0.0018
247,98,11196,6296,0.033
248,98,2.881E7,6118,0.40
248,98,2.881E7,6217,19.6
248,98,2.881E7,6258,80.0
249,98,1.108E10,5201,3.E-5
249,98,1.108E10,5238,1.0E-4
249,98,1.108E10,5273,6.E-5
249,98,1.108E10,5307,6.E-5
249,98,1.108E10,5341,4.0E-4
249,98,1.108E10,5359,5.E-5
249,98,1.108E10,5370,1.30E-4
249,98,1.108E10,5422,1.5E-4
249,98,1.108E10,5431,0.0026
249,98,1.108E10,5433,7.7E-4
249,98,1.108E10,5471,2E-4
249,98,1.108E10,5483,3.2E-4
249,98,1.108E10,5501,0.0440
249,98,1.108E10,5532,2.1E-4
249,98,1.108E10,5559,0.113
249,98,1.108E10,5604,0.001
249,98,1.108E10,5616,0.0069
249,98,1.108E10,5645,0.00150
249,98,1.108E10,5658,1.00E-4
249,98,1.108E10,5694,0.300
249,98,1.108E10,5704,0.03
249,98,1.108E10,5759.5,4.69
249,98,1.108E10,5783.3,0.26
249,98,1.108E10,5813.3,82.2
249,98,1.108E10,5849.3,1.430
249,98,1.108E10,5903.2,3.21
249,98,1.108E10,5946.0,3.33
249,98,1.108E10,5999.6,0.026
249,98,1.108E10,6071.9,0.346
249,98,1.108E10,6139.3,1.330
249,98,1.108E10,6193.8,2.460
250,98,4.128E8,5742,0.0070
250,98,4.128E8,5891,0.283
250,98,4.128E8,5989.9,17.11
250,98,4.128E8,6030.22,82.58
251,98,2.834E10,5505,0.27
251,98,2.834E10,5567,1.0
251,98,2.834E10,5569,1.0
251,98,2.834E10,5635,4.90
251,98,2.834E10,5651,3.30
251,98,2.834E10,5679.3,35.4
251,98,2.834E10,5738,0.80
251,98,2.834E10,5766,3.60
251,98,2.834E10,5798,2.50
251,98,2.834E10,5817,4.00
251,98,2.834E10,5854,27.6
251,98,2.834E10,5946,0.60
251,98,2.834E10,6017,12.5
251,98,2.834E10,6078,2.60
252,98,8.347E7,5616,5.8E-5
252,98,8.347E7,5826.3,0.00193816
252,98,8.347E7,5976.6,0.23
252,98,8.347E7,6075.64,15.2
252,98,8.347E7,6118.10,81.6
253,98,1538784,5920,0.016
253,98,1538784,5980,0.29
254,98,5227200,5791,0.053
254,98,5227200,5833,0.257
243,99,21,7899,26
243,99,21,7939,3.9
245,99,66,7654,1.2
245,99,66,7699,5.2
245,99,66,7730,32
245,99,66,7780,2.0
247,99,273,7213,0.14
247,99,273,7275,0.84
247,99,273,7323,6.0
248,99,1620,6848,0.023
248,99,1620,6879,0.16
248,99,1620,6907,0.07
249,99,6132,6716,0.04
249,99,6132,6776,0.53
251,99,118800,6410,0.017
251,99,118800,6422,0.015
251,99,118800,6452,0.017
251,99,118800,6462,0.047
251,99,118800,6492,0.41
252,99,4.0755E7,5943,0.031
252,99,4.0755E7,5985,0.039
252,99,4.0755E7,6017,0.094
252,99,4.0755E7,6051,0.80
252,99,4.0755E7,6109,0.094
252,99,4.0755E7,6156,0.031
252,99,4.0755E7,6181,0.062
252,99,4.0755E7,6215,0.078
252,99,4.0755E7,6239,0.44
252,99,4.0755E7,6265,0.59
252,99,4.0755E7,6298,0.031
252,99,4.0755E7,6374,0.055
252,99,4.0755E7,6424,0.35
252,99,4.0755E7,6461,0.20
252,99,4.0755E7,6482,1.71
252,99,4.0755E7,6498,0.24
252,99,4.0755E7,6562,10.6
252,99,4.0755E7,6632,62.6
254,99,141480,6280,5.1E-4
254,99,141480,6297,0.00154
254,99,141480,6325,0.0070
254,99,141480,6357,0.0266
254,99,141480,6382,0.240
254,99,141480,6415,0.0058
254,99,141480,6455,3.8E-4
254,99,141480,6463,0.00198
254,99,141480,6469,2.6E-4
254,99,141480,6513,0.004
254,99,141480,6557,0.0186
254,99,141480,6591,0.0128
254,99,2.382E7,6000,0.030
254,99,2.382E7,6048,0.16
254,99,2.382E7,6105,0.340
254,99,2.382E7,6177,0.0200
254,99,2.382E7,6184,0.060
254,99,2.382E7,6194,0.040
254,99,2.382E7,6266,0.220
254,99,2.382E7,6275,0.140
254,99,2.382E7,6324,0.040
254,99,2.382E7,6347,0.75
254,99,2.382E7,6358.4,2.6
254,99,2.382E7,6378,0.005
254,99,2.382E7,6383,0.05
254,99,2.382E7,6415.4,1.80
254,99,2.382E7,6428.6,93.10
254,99,2.382E7,6435,0.030
254,99,2.382E7,6476,0.23
255,99,3438719.1,6213,0.200
255,99,3438719.1,6266.5,0.78
255,99,3438719.1,6401.4,7.0
246,100,1.1,8194,18
246,100,1.1,8237,74
248,100,36,7830,18.6
248,100,36,7870,74
250,100,1800,7396,15
250,100,1800,7435,75
251,100,19080,6580,0.0047
251,100,19080,6639,0.0101
251,100,19080,6682,0.0013
251,100,19080,6721,0.0079
251,100,19080,6763,0.0068
251,100,19080,6783,0.086
251,100,19080,6834,1.57
251,100,19080,6886,0.031
251,100,19080,6929,0.032
251,100,19080,7107,9.0E-4
251,100,19080,7185,0.0052
251,100,19080,7252,0.0167
251,100,19080,7306,0.027
252,100,91404,6759,0.023
252,100,91404,6904,0.97
252,100,91404,6998,15.00
252,100,91404,7039,84.0
253,100,259200,6487,0.036
253,100,259200,6541,0.18
253,100,259200,6630,0.31
253,100,259200,6650,0.29
253,100,259200,6673,2.8
253,100,259200,6846,1.01
253,100,259200,6867,0.108
253,100,259200,6901,1.18
253,100,259200,6943,5.1
253,100,259200,7023,0.80
253,100,259200,7083,0.16
254,100,11664,6898,0.0066
254,100,11664,7050,0.82
254,100,11664,7150,14.2
254,100,11664,7192,84.9
255,100,72252,6488,0.0030
255,100,72252,6546,0.0140
255,100,72252,6592,0.0170
255,100,72252,6699,0.0360
255,100,72252,6710,0.0130
255,100,72252,6741,0.0012
255,100,72252,6763,0.0160
255,100,72252,6807,0.110
255,100,72252,6814,0.0020
255,100,72252,6836,0.0080
255,100,72252,6873,0.0080
255,100,72252,6892,0.620
255,100,72252,6918,0.0170
255,100,72252,6953,0.022
255,100,72252,6963,5.04
255,100,72252,6983,0.130
255,100,72252,7022,93.4
255,100,72252,7080,0.40
255,100,72252,7103,0.090
255,100,72252,7127,0.070
256,100,9456,6872,1.22
256,100,9456,6917,6.9
257,100,8683200,6346,0.30
257,100,8683200,6441,2.00
257,100,8683200,6519.5,93.6
257,100,8683200,6622,0.6
257,100,8683200,6695,3.39
257,100,8683200,6752,0.58
248,101,7,8320,15
248,101,7,8360,5
249,101,23.8,8026,60
255,101,1620,7274,0.40
255,101,1620,7327,7.4
255,101,1620,7714,0.08
255,101,1620,7752,0.08
256,101,4620,7142,1.84
256,101,4620,7206,5.9
256,101,4620,7310,0.28
256,101,4620,7429,0.41
256,101,4620,7503,0.23
256,101,4620,7578,0.14
256,101,4620,7642,0.37
256,101,4620,7733,0.09
257,101,19872,7014,0.49
257,101,19872,7074,14
257,101,19872,7260,0.030
257,101,19872,7303,0.038
257,101,19872,7336,0.020
257,101,19872,7361,0.015
257,101,19872,7403,0.04
257,101,19872,7440,0.054
258,101,4449600,6697,3.4
258,101,4449600,6718,65.8
258,101,4449600,6763,20.8
258,101,4449600,6788,9.9
258,101,4449600,6990,0.10
258,101,4449600,7080,0.10
258,101,4449600,7159,0.10
252,102,2.27,8372,14
252,102,2.27,8415,44
255,102,186,7620,1.7
255,102,186,7717,1.5
255,102,186,7771,5.4
255,102,186,7879,2.6
255,102,186,7927,7.3
255,102,186,8007,3.8
255,102,186,8077,7.3
255,102,186,8121,27.8
255,102,186,8266,2.6
255,102,186,8312,1.16
256,102,2.91,8402,12.9
256,102,2.91,8448,86.6
259,102,3480,7455,9.8
259,102,3480,7500,29.3
259,102,3480,7533,17.3
259,102,3480,7605,10.5
259,102,3480,7685,8.3
255,103,2.53,8322,2.8
255,103,2.53,8457,37
255,103,31.1,8290,1.3
255,103,31.1,8365,69
255,103,31.1,8420,1.9
257,103,0.646,8796,18.0
257,103,0.646,8861,82.0
258,103,4.1,8590,29
258,103,4.1,8620,45
258,103,4.1,8650,15
258,103,4.1,8680,6.7
257,104,3.9,8968,39
257,104,3.9,9021,49
257,104,4.7,8283,3.5
257,104,4.7,8426,4.4
257,104,4.7,8471,3.5
257,104,4.7,8524,7.9
257,104,4.7,8589,1.8
257,104,4.7,8697,7.0
257,104,4.7,8738,13.2
257,104,4.7,8779,39
257,104,4.7,8864,2.6
257,104,4.7,8903,5.3
259,104,3.2,8770,55
259,104,3.2,8870,37
257,105,0.76,9163,87
257,105,1.5,8967,47
257,105,1.5,9074,47
260,105,1.52,9042,48
260,105,1.52,9075,25
260,105,1.52,9121,17
262,105,35,8450,50
262,105,35,8530,10.7
262,105,35,8670,6.0
260,106,0.0036,9720,9
260,106,0.0036,9770,4.E+1
265,106,8.9,8282,80
265,106,8.9,8505,20
271,110,0.00163,10682,29
271,110,0.00163,10738,71
